{
  "modRefColor": {
    "R": 67,
    "G": 75,
    "B": 79,
    "A": 255
  },
  "modRefHighlightColor": {
    "R": 203,
    "G": 74,
    "B": 53,
    "A": 255
  },
  "modRefPanelColor": {
    "R": 67,
    "G": 75,
    "B": 79,
    "A": 255
  },
  "modRefTextColor": {
    "R": 247,
    "G": 213,
    "B": 139,
    "A": 255
  },
  "modRefTextBadColor": {
    "R": 255,
    "G": 0,
    "B": 0,
    "A": 255
  },
  "modRefTextFilteredColor": {
    "R": 169,
    "G": 169,
    "B": 169,
    "A": 255
  },
  "formColor": {
    "R": 36,
    "G": 42,
    "B": 46,
    "A": 255
  },
  "textColor": {
    "R": 247,
    "G": 213,
    "B": 139,
    "A": 255
  }
}